image_path,label
data_udang\1. Healthy\Healthy-1-img-1.jpg,Healthy
data_udang\1. Healthy\Healthy-1-img-2.jpg,Healthy
data_udang\1. Healthy\Healthy-1-img-3.jpg,Healthy
data_udang\1. Healthy\Healthy-10-img-1.jpg,Healthy
data_udang\1. Healthy\Healthy-10-img-2.jpg,Healthy
data_udang\1. Healthy\Healthy-10-img-3.jpg,Healthy
data_udang\1. Healthy\Healthy-100-img-1.jpg,Healthy
data_udang\1. Healthy\Healthy-100-img-2.jpg,Healthy
data_udang\1. Healthy\Healthy-100-img-3.jpg,Healthy
data_udang\1. Healthy\Healthy-101-img-1.jpg,Healthy
data_udang\1. Healthy\Healthy-101-img-2.jpg,Healthy
data_udang\1. Healthy\Healthy-101-img-3.jpg,Healthy
data_udang\1. Healthy\Healthy-102-img-1.jpg,Healthy
data_udang\1. Healthy\Healthy-102-img-2.jpg,Healthy
data_udang\1. Healthy\Healthy-102-img-3.jpg,Healthy
data_udang\1. Healthy\Healthy-103-img-1.jpg,Healthy
data_udang\1. Healthy\Healthy-103-img-2.jpg,Healthy
data_udang\1. Healthy\Healthy-103-img-3.jpg,Healthy
data_udang\1. Healthy\Healthy-104-img-1.jpg,Healthy
data_udang\1. Healthy\Healthy-104-img-2.jpg,Healthy
data_udang\1. Healthy\Healthy-105-img-1.jpg,Healthy
data_udang\1. Healthy\Healthy-105-img-2.jpg,Healthy
data_udang\1. Healthy\Healthy-105-img-3.jpg,Healthy
data_udang\1. Healthy\Healthy-106-img-1.jpg,Healthy
data_udang\1. Healthy\Healthy-106-img-2.jpg,Healthy
data_udang\1. Healthy\Healthy-106-img-3.jpg,Healthy
data_udang\1. Healthy\Healthy-107-img-1.jpg,Healthy
data_udang\1. Healthy\Healthy-107-img-2.jpg,Healthy
data_udang\1. Healthy\Healthy-107-img-3.jpg,Healthy
data_udang\1. Healthy\Healthy-108-img-1.jpg,Healthy
data_udang\1. Healthy\Healthy-108-img-2.jpg,Healthy
data_udang\1. Healthy\Healthy-108-img-3.jpg,Healthy
data_udang\1. Healthy\Healthy-109-img-1.jpg,Healthy
data_udang\1. Healthy\Healthy-109-img-2.jpg,Healthy
data_udang\1. Healthy\Healthy-109-img-3.jpg,Healthy
data_udang\1. Healthy\Healthy-11-img-1.jpg,Healthy
data_udang\1. Healthy\Healthy-11-img-2.jpg,Healthy
data_udang\1. Healthy\Healthy-11-img-3.jpg,Healthy
data_udang\1. Healthy\Healthy-110-img-1.jpg,Healthy
data_udang\1. Healthy\Healthy-110-img-2.jpg,Healthy
data_udang\1. Healthy\Healthy-110-img-3.jpg,Healthy
data_udang\1. Healthy\Healthy-111-img-1.jpg,Healthy
data_udang\1. Healthy\Healthy-111-img-2.jpg,Healthy
data_udang\1. Healthy\Healthy-111-img-3.jpg,Healthy
data_udang\1. Healthy\Healthy-112-img-1.jpg,Healthy
data_udang\1. Healthy\Healthy-112-img-2.jpg,Healthy
data_udang\1. Healthy\Healthy-112-img-3.jpg,Healthy
data_udang\1. Healthy\Healthy-113-img-1.jpg,Healthy
data_udang\1. Healthy\Healthy-113-img-2.jpg,Healthy
data_udang\1. Healthy\Healthy-113-img-3.jpg,Healthy
data_udang\1. Healthy\Healthy-114-img-1.jpg,Healthy
data_udang\1. Healthy\Healthy-114-img-2.jpg,Healthy
data_udang\1. Healthy\Healthy-114-img-3.jpg,Healthy
data_udang\1. Healthy\Healthy-115-img-1.jpg,Healthy
data_udang\1. Healthy\Healthy-115-img-2.jpg,Healthy
data_udang\1. Healthy\Healthy-115-img-3.jpg,Healthy
data_udang\1. Healthy\Healthy-116-img-1.jpg,Healthy
data_udang\1. Healthy\Healthy-117-img-1.jpg,Healthy
data_udang\1. Healthy\Healthy-117-img-2.jpg,Healthy
data_udang\1. Healthy\Healthy-117-img-3.jpg,Healthy
data_udang\1. Healthy\Healthy-118-img-1.jpg,Healthy
data_udang\1. Healthy\Healthy-118-img-2.jpg,Healthy
data_udang\1. Healthy\Healthy-118-img-3.jpg,Healthy
data_udang\1. Healthy\Healthy-119-img-1.jpg,Healthy
data_udang\1. Healthy\Healthy-119-img-2.jpg,Healthy
data_udang\1. Healthy\Healthy-119-img-3.jpg,Healthy
data_udang\1. Healthy\Healthy-12-img-1.jpg,Healthy
data_udang\1. Healthy\Healthy-12-img-2.jpg,Healthy
data_udang\1. Healthy\Healthy-12-img-3.jpg,Healthy
data_udang\1. Healthy\Healthy-120-img-1.jpg,Healthy
data_udang\1. Healthy\Healthy-120-img-2.jpg,Healthy
data_udang\1. Healthy\Healthy-120-img-3.jpg,Healthy
data_udang\1. Healthy\Healthy-121-img-1.jpg,Healthy
data_udang\1. Healthy\Healthy-121-img-2.jpg,Healthy
data_udang\1. Healthy\Healthy-121-img-3.jpg,Healthy
data_udang\1. Healthy\Healthy-122-img-1.jpg,Healthy
data_udang\1. Healthy\Healthy-122-img-2.jpg,Healthy
data_udang\1. Healthy\Healthy-122-img-3.jpg,Healthy
data_udang\1. Healthy\Healthy-123-img-1.jpg,Healthy
data_udang\1. Healthy\Healthy-123-img-2.jpg,Healthy
data_udang\1. Healthy\Healthy-123-img-3.jpg,Healthy
data_udang\1. Healthy\Healthy-124-img-1.jpg,Healthy
data_udang\1. Healthy\Healthy-124-img-2.jpg,Healthy
data_udang\1. Healthy\Healthy-124-img-3.jpg,Healthy
data_udang\1. Healthy\Healthy-125-img-1.jpg,Healthy
data_udang\1. Healthy\Healthy-125-img-2.jpg,Healthy
data_udang\1. Healthy\Healthy-125-img-3.jpg,Healthy
data_udang\1. Healthy\Healthy-126-img-1.jpg,Healthy
data_udang\1. Healthy\Healthy-126-img-2.jpg,Healthy
data_udang\1. Healthy\Healthy-126-img-3.jpg,Healthy
data_udang\1. Healthy\Healthy-127-img-1.jpg,Healthy
data_udang\1. Healthy\Healthy-127-img-2.jpg,Healthy
data_udang\1. Healthy\Healthy-127-img-3.jpg,Healthy
data_udang\1. Healthy\Healthy-128-img-1.jpg,Healthy
data_udang\1. Healthy\Healthy-128-img-2.jpg,Healthy
data_udang\1. Healthy\Healthy-128-img-3.jpg,Healthy
data_udang\1. Healthy\Healthy-129-img-1.jpg,Healthy
data_udang\1. Healthy\Healthy-129-img-2.jpg,Healthy
data_udang\1. Healthy\Healthy-129-img-3.jpg,Healthy
data_udang\1. Healthy\Healthy-13-img-1.jpg,Healthy
data_udang\1. Healthy\Healthy-13-img-2.jpg,Healthy
data_udang\1. Healthy\Healthy-13-img-3.jpg,Healthy
data_udang\1. Healthy\Healthy-130-img-1.jpg,Healthy
data_udang\1. Healthy\Healthy-130-img-2.jpg,Healthy
data_udang\1. Healthy\Healthy-130-img-3.jpg,Healthy
data_udang\1. Healthy\Healthy-131-img-1.jpg,Healthy
data_udang\1. Healthy\Healthy-131-img-2.jpg,Healthy
data_udang\1. Healthy\Healthy-131-img-3.jpg,Healthy
data_udang\1. Healthy\Healthy-132-img-1.jpg,Healthy
data_udang\1. Healthy\Healthy-132-img-2.jpg,Healthy
data_udang\1. Healthy\Healthy-132-img-3.jpg,Healthy
data_udang\1. Healthy\Healthy-133-img-1.jpg,Healthy
data_udang\1. Healthy\Healthy-133-img-2.jpg,Healthy
data_udang\1. Healthy\Healthy-133-img-3.jpg,Healthy
data_udang\1. Healthy\Healthy-134-img-1.jpg,Healthy
data_udang\1. Healthy\Healthy-134-img-2.jpg,Healthy
data_udang\1. Healthy\Healthy-134-img-3.jpg,Healthy
data_udang\1. Healthy\Healthy-135-img-1.jpg,Healthy
data_udang\1. Healthy\Healthy-135-img-2.jpg,Healthy
data_udang\1. Healthy\Healthy-135-img-3.jpg,Healthy
data_udang\1. Healthy\Healthy-136-img-1.jpg,Healthy
data_udang\1. Healthy\Healthy-136-img-2.jpg,Healthy
data_udang\1. Healthy\Healthy-136-img-3.jpg,Healthy
data_udang\1. Healthy\Healthy-137-img-1.jpg,Healthy
data_udang\1. Healthy\Healthy-137-img-2.jpg,Healthy
data_udang\1. Healthy\Healthy-137-img-3.jpg,Healthy
data_udang\1. Healthy\Healthy-138-img-1.jpg,Healthy
data_udang\1. Healthy\Healthy-138-img-2.jpg,Healthy
data_udang\1. Healthy\Healthy-138-img-3.jpg,Healthy
data_udang\1. Healthy\Healthy-139-img-1.jpg,Healthy
data_udang\1. Healthy\Healthy-139-img-2.jpg,Healthy
data_udang\1. Healthy\Healthy-139-img-3.jpg,Healthy
data_udang\1. Healthy\Healthy-14-img-1.jpg,Healthy
data_udang\1. Healthy\Healthy-14-img-2.jpg,Healthy
data_udang\1. Healthy\Healthy-14-img-3.jpg,Healthy
data_udang\1. Healthy\Healthy-140-img-1.jpg,Healthy
data_udang\1. Healthy\Healthy-140-img-2.jpg,Healthy
data_udang\1. Healthy\Healthy-140-img-3.jpg,Healthy
data_udang\1. Healthy\Healthy-141-img-1.jpg,Healthy
data_udang\1. Healthy\Healthy-141-img-2.jpg,Healthy
data_udang\1. Healthy\Healthy-141-img-3.jpg,Healthy
data_udang\1. Healthy\Healthy-142-img-1.jpg,Healthy
data_udang\1. Healthy\Healthy-142-img-2.jpg,Healthy
data_udang\1. Healthy\Healthy-142-img-3.jpg,Healthy
data_udang\1. Healthy\Healthy-15-img-1.jpg,Healthy
data_udang\1. Healthy\Healthy-15-img-2.jpg,Healthy
data_udang\1. Healthy\Healthy-15-img-3.jpg,Healthy
data_udang\1. Healthy\Healthy-16-img-1.jpg,Healthy
data_udang\1. Healthy\Healthy-16-img-2.jpg,Healthy
data_udang\1. Healthy\Healthy-16-img-3.jpg,Healthy
data_udang\1. Healthy\Healthy-17-img-1.jpg,Healthy
data_udang\1. Healthy\Healthy-17-img-2.jpg,Healthy
data_udang\1. Healthy\Healthy-17-img-3.jpg,Healthy
data_udang\1. Healthy\Healthy-18-img-1.jpg,Healthy
data_udang\1. Healthy\Healthy-18-img-2.jpg,Healthy
data_udang\1. Healthy\Healthy-18-img-3.jpg,Healthy
data_udang\1. Healthy\Healthy-19-img-1.jpg,Healthy
data_udang\1. Healthy\Healthy-19-img-2.jpg,Healthy
data_udang\1. Healthy\Healthy-19-img-3.jpg,Healthy
data_udang\1. Healthy\Healthy-2-img-1.jpg,Healthy
data_udang\1. Healthy\Healthy-2-img-2.jpg,Healthy
data_udang\1. Healthy\Healthy-2-img-3.jpg,Healthy
data_udang\1. Healthy\Healthy-20-img-1.jpg,Healthy
data_udang\1. Healthy\Healthy-20-img-2.jpg,Healthy
data_udang\1. Healthy\Healthy-20-img-3.jpg,Healthy
data_udang\1. Healthy\Healthy-21-img-1.jpg,Healthy
data_udang\1. Healthy\Healthy-22-img-1.jpg,Healthy
data_udang\1. Healthy\Healthy-23-img-1.jpg,Healthy
data_udang\1. Healthy\Healthy-24-img-1.jpg,Healthy
data_udang\1. Healthy\Healthy-25-img-1.jpg,Healthy
data_udang\1. Healthy\Healthy-25-img-2.jpg,Healthy
data_udang\1. Healthy\Healthy-25-img-3.jpg,Healthy
data_udang\1. Healthy\Healthy-26-img-1.jpg,Healthy
data_udang\1. Healthy\Healthy-26-img-2.jpg,Healthy
data_udang\1. Healthy\Healthy-27-img-1.jpg,Healthy
data_udang\1. Healthy\Healthy-27-img-2.jpg,Healthy
data_udang\1. Healthy\Healthy-27-img-3.jpg,Healthy
data_udang\1. Healthy\Healthy-28-img-1.jpg,Healthy
data_udang\1. Healthy\Healthy-28-img-2.jpg,Healthy
data_udang\1. Healthy\Healthy-28-img-3.jpg,Healthy
data_udang\1. Healthy\Healthy-29-img-1.jpg,Healthy
data_udang\1. Healthy\Healthy-29-img-2.jpg,Healthy
data_udang\1. Healthy\Healthy-29-img-3.jpg,Healthy
data_udang\1. Healthy\Healthy-3-img-1.jpg,Healthy
data_udang\1. Healthy\Healthy-3-img-2.jpg,Healthy
data_udang\1. Healthy\Healthy-3-img-3.jpg,Healthy
data_udang\1. Healthy\Healthy-30-img-1.jpg,Healthy
data_udang\1. Healthy\Healthy-31-img-1.jpg,Healthy
data_udang\1. Healthy\Healthy-31-img-2.jpg,Healthy
data_udang\1. Healthy\Healthy-31-img-3.jpg,Healthy
data_udang\1. Healthy\Healthy-32-img-1.jpg,Healthy
data_udang\1. Healthy\Healthy-32-img-2.jpg,Healthy
data_udang\1. Healthy\Healthy-32-img-3.jpg,Healthy
data_udang\1. Healthy\Healthy-33-img-1.jpg,Healthy
data_udang\1. Healthy\Healthy-33-img-2.jpg,Healthy
data_udang\1. Healthy\Healthy-33-img-3.jpg,Healthy
data_udang\1. Healthy\Healthy-34-img-1.jpg,Healthy
data_udang\1. Healthy\Healthy-34-img-2.jpg,Healthy
data_udang\1. Healthy\Healthy-34-img-3.jpg,Healthy
data_udang\1. Healthy\Healthy-35-img-1.jpg,Healthy
data_udang\1. Healthy\Healthy-35-img-2.jpg,Healthy
data_udang\1. Healthy\Healthy-35-img-3.jpg,Healthy
data_udang\1. Healthy\Healthy-36-img-1.jpg,Healthy
data_udang\1. Healthy\Healthy-36-img-2.jpg,Healthy
data_udang\1. Healthy\Healthy-36-img-3.jpg,Healthy
data_udang\1. Healthy\Healthy-37-img-1.jpg,Healthy
data_udang\1. Healthy\Healthy-37-img-2.jpg,Healthy
data_udang\1. Healthy\Healthy-37-img-3.jpg,Healthy
data_udang\1. Healthy\Healthy-38-img-1.jpg,Healthy
data_udang\1. Healthy\Healthy-38-img-2.jpg,Healthy
data_udang\1. Healthy\Healthy-38-img-3.jpg,Healthy
data_udang\1. Healthy\Healthy-39-img-1.jpg,Healthy
data_udang\1. Healthy\Healthy-39-img-2.jpg,Healthy
data_udang\1. Healthy\Healthy-39-img-3.jpg,Healthy
data_udang\1. Healthy\Healthy-4-img-1.jpg,Healthy
data_udang\1. Healthy\Healthy-4-img-2.jpg,Healthy
data_udang\1. Healthy\Healthy-4-img-3.jpg,Healthy
data_udang\1. Healthy\Healthy-40-img-1.jpg,Healthy
data_udang\1. Healthy\Healthy-40-img-2.jpg,Healthy
data_udang\1. Healthy\Healthy-40-img-3.jpg,Healthy
data_udang\1. Healthy\Healthy-41-img-1.jpg,Healthy
data_udang\1. Healthy\Healthy-42-img-1.jpg,Healthy
data_udang\1. Healthy\Healthy-42-img-2.jpg,Healthy
data_udang\1. Healthy\Healthy-42-img-3.jpg,Healthy
data_udang\1. Healthy\Healthy-43-img-1.jpg,Healthy
data_udang\1. Healthy\Healthy-43-img-2.jpg,Healthy
data_udang\1. Healthy\Healthy-43-img-3.jpg,Healthy
data_udang\1. Healthy\Healthy-44-img-1.jpg,Healthy
data_udang\1. Healthy\Healthy-44-img-2.jpg,Healthy
data_udang\1. Healthy\Healthy-44-img-3.jpg,Healthy
data_udang\1. Healthy\Healthy-45-img-1.jpg,Healthy
data_udang\1. Healthy\Healthy-45-img-2.jpg,Healthy
data_udang\1. Healthy\Healthy-45-img-3.jpg,Healthy
data_udang\1. Healthy\Healthy-46-img-1.jpg,Healthy
data_udang\1. Healthy\Healthy-46-img-2.jpg,Healthy
data_udang\1. Healthy\Healthy-46-img-3.jpg,Healthy
data_udang\1. Healthy\Healthy-47-img-1.jpg,Healthy
data_udang\1. Healthy\Healthy-47-img-2.jpg,Healthy
data_udang\1. Healthy\Healthy-47-img-3.jpg,Healthy
data_udang\1. Healthy\Healthy-48-img-1.jpg,Healthy
data_udang\1. Healthy\Healthy-48-img-2.jpg,Healthy
data_udang\1. Healthy\Healthy-48-img-3.jpg,Healthy
data_udang\1. Healthy\Healthy-49-img-1.jpg,Healthy
data_udang\1. Healthy\Healthy-49-img-2.jpg,Healthy
data_udang\1. Healthy\Healthy-49-img-3.jpg,Healthy
data_udang\1. Healthy\Healthy-5-img-1.jpg,Healthy
data_udang\1. Healthy\Healthy-5-img-2.jpg,Healthy
data_udang\1. Healthy\Healthy-5-img-3.jpg,Healthy
data_udang\1. Healthy\Healthy-50-img-1.jpg,Healthy
data_udang\1. Healthy\Healthy-50-img-2.jpg,Healthy
data_udang\1. Healthy\Healthy-50-img-3.jpg,Healthy
data_udang\1. Healthy\Healthy-51-img-1.jpg,Healthy
data_udang\1. Healthy\Healthy-51-img-2.jpg,Healthy
data_udang\1. Healthy\Healthy-51-img-3.jpg,Healthy
data_udang\1. Healthy\Healthy-52-img-1.jpg,Healthy
data_udang\1. Healthy\Healthy-52-img-2.jpg,Healthy
data_udang\1. Healthy\Healthy-52-img-3.jpg,Healthy
data_udang\1. Healthy\Healthy-53-img-1.jpg,Healthy
data_udang\1. Healthy\Healthy-53-img-2.jpg,Healthy
data_udang\1. Healthy\Healthy-54-img-1.jpg,Healthy
data_udang\1. Healthy\Healthy-54-img-2.jpg,Healthy
data_udang\1. Healthy\Healthy-55-img-1.jpg,Healthy
data_udang\1. Healthy\Healthy-55-img-2.jpg,Healthy
data_udang\1. Healthy\Healthy-55-img-3.jpg,Healthy
data_udang\1. Healthy\Healthy-56-img-1.jpg,Healthy
data_udang\1. Healthy\Healthy-56-img-2.jpg,Healthy
data_udang\1. Healthy\Healthy-56-img-3.jpg,Healthy
data_udang\1. Healthy\Healthy-57-img-1.jpg,Healthy
data_udang\1. Healthy\Healthy-57-img-2.jpg,Healthy
data_udang\1. Healthy\Healthy-57-img-3.jpg,Healthy
data_udang\1. Healthy\Healthy-58-img-1.jpg,Healthy
data_udang\1. Healthy\Healthy-58-img-2.jpg,Healthy
data_udang\1. Healthy\Healthy-58-img-3.jpg,Healthy
data_udang\1. Healthy\Healthy-59-img-1.jpg,Healthy
data_udang\1. Healthy\Healthy-59-img-2.jpg,Healthy
data_udang\1. Healthy\Healthy-59-img-3.jpg,Healthy
data_udang\1. Healthy\Healthy-6-img-1.jpg,Healthy
data_udang\1. Healthy\Healthy-6-img-2.jpg,Healthy
data_udang\1. Healthy\Healthy-6-img-3.jpg,Healthy
data_udang\1. Healthy\Healthy-60-img-1.jpg,Healthy
data_udang\1. Healthy\Healthy-60-img-2.jpg,Healthy
data_udang\1. Healthy\Healthy-60-img-3.jpg,Healthy
data_udang\1. Healthy\Healthy-61-img-1.jpg,Healthy
data_udang\1. Healthy\Healthy-61-img-2.jpg,Healthy
data_udang\1. Healthy\Healthy-61-img-3.jpg,Healthy
data_udang\1. Healthy\Healthy-62-img-1.jpg,Healthy
data_udang\1. Healthy\Healthy-62-img-2.jpg,Healthy
data_udang\1. Healthy\Healthy-62-img-3.jpg,Healthy
data_udang\1. Healthy\Healthy-63-img-1.jpg,Healthy
data_udang\1. Healthy\Healthy-63-img-2.jpg,Healthy
data_udang\1. Healthy\Healthy-63-img-3.jpg,Healthy
data_udang\1. Healthy\Healthy-64-img-1.jpg,Healthy
data_udang\1. Healthy\Healthy-64-img-2.jpg,Healthy
data_udang\1. Healthy\Healthy-64-img-3.jpg,Healthy
data_udang\1. Healthy\Healthy-65-img-1.jpg,Healthy
data_udang\1. Healthy\Healthy-65-img-2.jpg,Healthy
data_udang\1. Healthy\Healthy-65-img-3.jpg,Healthy
data_udang\1. Healthy\Healthy-66-img-1.jpg,Healthy
data_udang\1. Healthy\Healthy-66-img-2.jpg,Healthy
data_udang\1. Healthy\Healthy-66-img-3.jpg,Healthy
data_udang\1. Healthy\Healthy-67-img-1.jpg,Healthy
data_udang\1. Healthy\Healthy-67-img-2.jpg,Healthy
data_udang\1. Healthy\Healthy-67-img-3.jpg,Healthy
data_udang\1. Healthy\Healthy-68-img-1.jpg,Healthy
data_udang\1. Healthy\Healthy-68-img-2.jpg,Healthy
data_udang\1. Healthy\Healthy-69-img-1.jpg,Healthy
data_udang\1. Healthy\Healthy-69-img-2.jpg,Healthy
data_udang\1. Healthy\Healthy-69-img-3.jpg,Healthy
data_udang\1. Healthy\Healthy-7-img-1.jpg,Healthy
data_udang\1. Healthy\Healthy-7-img-2.jpg,Healthy
data_udang\1. Healthy\Healthy-7-img-3.jpg,Healthy
data_udang\1. Healthy\Healthy-70-img-1.jpg,Healthy
data_udang\1. Healthy\Healthy-70-img-2.jpg,Healthy
data_udang\1. Healthy\Healthy-70-img-3.jpg,Healthy
data_udang\1. Healthy\Healthy-71-img-1.jpg,Healthy
data_udang\1. Healthy\Healthy-71-img-2.jpg,Healthy
data_udang\1. Healthy\Healthy-71-img-3.jpg,Healthy
data_udang\1. Healthy\Healthy-72-img-1.jpg,Healthy
data_udang\1. Healthy\Healthy-72-img-2.jpg,Healthy
data_udang\1. Healthy\Healthy-72-img-3.jpg,Healthy
data_udang\1. Healthy\Healthy-73-img-1.jpg,Healthy
data_udang\1. Healthy\Healthy-73-img-2.jpg,Healthy
data_udang\1. Healthy\Healthy-73-img-3.jpg,Healthy
data_udang\1. Healthy\Healthy-74-img-1.jpg,Healthy
data_udang\1. Healthy\Healthy-74-img-2.jpg,Healthy
data_udang\1. Healthy\Healthy-74-img-3.jpg,Healthy
data_udang\1. Healthy\Healthy-75-img-1.jpg,Healthy
data_udang\1. Healthy\Healthy-75-img-2.jpg,Healthy
data_udang\1. Healthy\Healthy-75-img-3.jpg,Healthy
data_udang\1. Healthy\Healthy-76-img-1.jpg,Healthy
data_udang\1. Healthy\Healthy-76-img-2.jpg,Healthy
data_udang\1. Healthy\Healthy-76-img-3.jpg,Healthy
data_udang\1. Healthy\Healthy-77-img-1.jpg,Healthy
data_udang\1. Healthy\Healthy-77-img-2.jpg,Healthy
data_udang\1. Healthy\Healthy-77-img-3.jpg,Healthy
data_udang\1. Healthy\Healthy-78-img-1.jpg,Healthy
data_udang\1. Healthy\Healthy-78-img-2.jpg,Healthy
data_udang\1. Healthy\Healthy-78-img-3.jpg,Healthy
data_udang\1. Healthy\Healthy-79-img-1.jpg,Healthy
data_udang\1. Healthy\Healthy-79-img-2.jpg,Healthy
data_udang\1. Healthy\Healthy-8-img-1.jpg,Healthy
data_udang\1. Healthy\Healthy-8-img-2.jpg,Healthy
data_udang\1. Healthy\Healthy-8-img-3.jpg,Healthy
data_udang\1. Healthy\Healthy-80-img-1.jpg,Healthy
data_udang\1. Healthy\Healthy-80-img-2.jpg,Healthy
data_udang\1. Healthy\Healthy-80-img-3.jpg,Healthy
data_udang\1. Healthy\Healthy-81-img-1.jpg,Healthy
data_udang\1. Healthy\Healthy-81-img-2.jpg,Healthy
data_udang\1. Healthy\Healthy-81-img-3.jpg,Healthy
data_udang\1. Healthy\Healthy-82-img-1.jpg,Healthy
data_udang\1. Healthy\Healthy-82-img-2.jpg,Healthy
data_udang\1. Healthy\Healthy-82-img-3.jpg,Healthy
data_udang\1. Healthy\Healthy-83-img-1.jpg,Healthy
data_udang\1. Healthy\Healthy-83-img-2.jpg,Healthy
data_udang\1. Healthy\Healthy-83-img-3.jpg,Healthy
data_udang\1. Healthy\Healthy-84-img-1.jpg,Healthy
data_udang\1. Healthy\Healthy-84-img-2.jpg,Healthy
data_udang\1. Healthy\Healthy-84-img-3.jpg,Healthy
data_udang\1. Healthy\Healthy-85-img-1.jpg,Healthy
data_udang\1. Healthy\Healthy-85-img-2.jpg,Healthy
data_udang\1. Healthy\Healthy-85-img-3.jpg,Healthy
data_udang\1. Healthy\Healthy-86-img-1.jpg,Healthy
data_udang\1. Healthy\Healthy-86-img-2.jpg,Healthy
data_udang\1. Healthy\Healthy-86-img-3.jpg,Healthy
data_udang\1. Healthy\Healthy-87-img-1.jpg,Healthy
data_udang\1. Healthy\Healthy-87-img-2.jpg,Healthy
data_udang\1. Healthy\Healthy-87-img-3.jpg,Healthy
data_udang\1. Healthy\Healthy-88-img-1.jpg,Healthy
data_udang\1. Healthy\Healthy-88-img-2.jpg,Healthy
data_udang\1. Healthy\Healthy-88-img-3.jpg,Healthy
data_udang\1. Healthy\Healthy-89-img-1.jpg,Healthy
data_udang\1. Healthy\Healthy-89-img-2.jpg,Healthy
data_udang\1. Healthy\Healthy-89-img-3.jpg,Healthy
data_udang\1. Healthy\Healthy-9-img-1.jpg,Healthy
data_udang\1. Healthy\Healthy-9-img-2.jpg,Healthy
data_udang\1. Healthy\Healthy-9-img-3.jpg,Healthy
data_udang\1. Healthy\Healthy-90-img-1.jpg,Healthy
data_udang\1. Healthy\Healthy-90-img-2.jpg,Healthy
data_udang\1. Healthy\Healthy-90-img-3.jpg,Healthy
data_udang\1. Healthy\Healthy-91-img-1.jpg,Healthy
data_udang\1. Healthy\Healthy-91-img-2.jpg,Healthy
data_udang\1. Healthy\Healthy-91-img-3.jpg,Healthy
data_udang\1. Healthy\Healthy-92-img-1.jpg,Healthy
data_udang\1. Healthy\Healthy-92-img-2.jpg,Healthy
data_udang\1. Healthy\Healthy-92-img-3.jpg,Healthy
data_udang\1. Healthy\Healthy-93-img-1.jpg,Healthy
data_udang\1. Healthy\Healthy-94-img-1.jpg,Healthy
data_udang\1. Healthy\Healthy-94-img-2.jpg,Healthy
data_udang\1. Healthy\Healthy-94-img-3.jpg,Healthy
data_udang\1. Healthy\Healthy-95-img-1.jpg,Healthy
data_udang\1. Healthy\Healthy-95-img-2.jpg,Healthy
data_udang\1. Healthy\Healthy-95-img-3.jpg,Healthy
data_udang\1. Healthy\Healthy-96-img-1.jpg,Healthy
data_udang\1. Healthy\Healthy-96-img-2.jpg,Healthy
data_udang\1. Healthy\Healthy-97-img-1.jpg,Healthy
data_udang\1. Healthy\Healthy-97-img-2.jpg,Healthy
data_udang\1. Healthy\Healthy-97-img-3.jpg,Healthy
data_udang\1. Healthy\Healthy-98-img-1.jpg,Healthy
data_udang\1. Healthy\Healthy-98-img-2.jpg,Healthy
data_udang\1. Healthy\Healthy-98-img-3.jpg,Healthy
data_udang\1. Healthy\Healthy-99-img-1.jpg,Healthy
data_udang\1. Healthy\Healthy-99-img-2.jpg,Healthy
data_udang\1. Healthy\Healthy-99-img-3.jpg,Healthy
data_udang\2. BG\BG-1-img-1.jpg,BG
data_udang\2. BG\BG-1-img-2.jpg,BG
data_udang\2. BG\BG-1-img-3.jpg,BG
data_udang\2. BG\BG-10-img-1.jpg,BG
data_udang\2. BG\BG-10-img-2.jpg,BG
data_udang\2. BG\BG-10-img-3.jpg,BG
data_udang\2. BG\BG-11-img-1.jpg,BG
data_udang\2. BG\BG-11-img-2.jpg,BG
data_udang\2. BG\BG-11-img-3.jpg,BG
data_udang\2. BG\BG-12-img-1.jpg,BG
data_udang\2. BG\BG-12-img-2.jpg,BG
data_udang\2. BG\BG-12-img-3.jpg,BG
data_udang\2. BG\BG-13-img-1.jpg,BG
data_udang\2. BG\BG-13-img-2.jpg,BG
data_udang\2. BG\BG-13-img-3.jpg,BG
data_udang\2. BG\BG-14-img-1.jpg,BG
data_udang\2. BG\BG-15-img-1.jpg,BG
data_udang\2. BG\BG-15-img-2.jpg,BG
data_udang\2. BG\BG-16-img-1.jpg,BG
data_udang\2. BG\BG-17-img-1.jpg,BG
data_udang\2. BG\BG-18-img-1.jpg,BG
data_udang\2. BG\BG-19-img-1.jpg,BG
data_udang\2. BG\BG-19-img-2.jpg,BG
data_udang\2. BG\BG-2-img-1.jpg,BG
data_udang\2. BG\BG-2-img-2.jpg,BG
data_udang\2. BG\BG-2-img-3.jpg,BG
data_udang\2. BG\BG-20-img-1.jpg,BG
data_udang\2. BG\BG-20-img-2.jpg,BG
data_udang\2. BG\BG-21-img-1.jpg,BG
data_udang\2. BG\BG-21-img-2.jpg,BG
data_udang\2. BG\BG-21-img-3.jpg,BG
data_udang\2. BG\BG-22-img-1.jpg,BG
data_udang\2. BG\BG-22-img-2.jpg,BG
data_udang\2. BG\BG-22-img-3.jpg,BG
data_udang\2. BG\BG-23-img-1.jpg,BG
data_udang\2. BG\BG-23-img-2.jpg,BG
data_udang\2. BG\BG-23-img-3.jpg,BG
data_udang\2. BG\BG-24-img-1.jpg,BG
data_udang\2. BG\BG-24-img-2.jpg,BG
data_udang\2. BG\BG-24-img-3.jpg,BG
data_udang\2. BG\BG-25-img-1.jpg,BG
data_udang\2. BG\BG-25-img-2.jpg,BG
data_udang\2. BG\BG-25-img-3.jpg,BG
data_udang\2. BG\BG-26-img-1.jpg,BG
data_udang\2. BG\BG-27-img-1.jpg,BG
data_udang\2. BG\BG-27-img-2.jpg,BG
data_udang\2. BG\BG-27-img-3.jpg,BG
data_udang\2. BG\BG-28-img-1.jpg,BG
data_udang\2. BG\BG-28-img-2.jpg,BG
data_udang\2. BG\BG-29-img-1.jpg,BG
data_udang\2. BG\BG-29-img-2.jpg,BG
data_udang\2. BG\BG-29-img-3.jpg,BG
data_udang\2. BG\BG-3-img-1.jpg,BG
data_udang\2. BG\BG-3-img-2.jpg,BG
data_udang\2. BG\BG-3-img-3.jpg,BG
data_udang\2. BG\BG-30-img-1.jpg,BG
data_udang\2. BG\BG-30-img-2.jpg,BG
data_udang\2. BG\BG-30-img-3.jpg,BG
data_udang\2. BG\BG-31-img-1.jpg,BG
data_udang\2. BG\BG-31-img-2.jpg,BG
data_udang\2. BG\BG-31-img-3.jpg,BG
data_udang\2. BG\BG-32-img-1.jpg,BG
data_udang\2. BG\BG-32-img-2.jpg,BG
data_udang\2. BG\BG-33-img-1.jpg,BG
data_udang\2. BG\BG-34-img-1.jpg,BG
data_udang\2. BG\BG-34-img-2.jpg,BG
data_udang\2. BG\BG-34-img-3.jpg,BG
data_udang\2. BG\BG-35-img-1.jpg,BG
data_udang\2. BG\BG-35-img-2.jpg,BG
data_udang\2. BG\BG-35-img-3.jpg,BG
data_udang\2. BG\BG-36-img-1.jpg,BG
data_udang\2. BG\BG-36-img-2.jpg,BG
data_udang\2. BG\BG-36-img-3.jpg,BG
data_udang\2. BG\BG-37-img-1.jpg,BG
data_udang\2. BG\BG-37-img-2.jpg,BG
data_udang\2. BG\BG-37-img-3.jpg,BG
data_udang\2. BG\BG-38-img-1.jpg,BG
data_udang\2. BG\BG-38-img-2.jpg,BG
data_udang\2. BG\BG-38-img-3.jpg,BG
data_udang\2. BG\BG-39-img-1.jpg,BG
data_udang\2. BG\BG-39-img-2.jpg,BG
data_udang\2. BG\BG-39-img-3.jpg,BG
data_udang\2. BG\BG-4-img-1.jpg,BG
data_udang\2. BG\BG-4-img-2.jpg,BG
data_udang\2. BG\BG-4-img-3.jpg,BG
data_udang\2. BG\BG-40-img-1.jpg,BG
data_udang\2. BG\BG-40-img-2.jpg,BG
data_udang\2. BG\BG-40-img-3.jpg,BG
data_udang\2. BG\BG-41-img-1.jpg,BG
data_udang\2. BG\BG-41-img-2.jpg,BG
data_udang\2. BG\BG-41-img-3.jpg,BG
data_udang\2. BG\BG-42-img-1.jpg,BG
data_udang\2. BG\BG-42-img-2.jpg,BG
data_udang\2. BG\BG-42-img-3.jpg,BG
data_udang\2. BG\BG-43-img-1.jpg,BG
data_udang\2. BG\BG-43-img-2.jpg,BG
data_udang\2. BG\BG-43-img-3.jpg,BG
data_udang\2. BG\BG-44-img-1.jpg,BG
data_udang\2. BG\BG-44-img-2.jpg,BG
data_udang\2. BG\BG-44-img-3.jpg,BG
data_udang\2. BG\BG-45-img-1.jpg,BG
data_udang\2. BG\BG-45-img-2.jpg,BG
data_udang\2. BG\BG-45-img-3.jpg,BG
data_udang\2. BG\BG-46-img-1.jpg,BG
data_udang\2. BG\BG-46-img-2.jpg,BG
data_udang\2. BG\BG-47-img-1.jpg,BG
data_udang\2. BG\BG-47-img-2.jpg,BG
data_udang\2. BG\BG-47-img-3.jpg,BG
data_udang\2. BG\BG-48-img-1.jpg,BG
data_udang\2. BG\BG-48-img-2.jpg,BG
data_udang\2. BG\BG-48-img-3.jpg,BG
data_udang\2. BG\BG-49-img-1.jpg,BG
data_udang\2. BG\BG-49-img-2.jpg,BG
data_udang\2. BG\BG-49-img-3.jpg,BG
data_udang\2. BG\BG-5-img-1.jpg,BG
data_udang\2. BG\BG-50-img-1.jpg,BG
data_udang\2. BG\BG-50-img-2.jpg,BG
data_udang\2. BG\BG-51-img-1.jpg,BG
data_udang\2. BG\BG-51-img-2.jpg,BG
data_udang\2. BG\BG-51-img-3.jpg,BG
data_udang\2. BG\BG-52-img-1.jpg,BG
data_udang\2. BG\BG-52-img-2.jpg,BG
data_udang\2. BG\BG-52-img-3.jpg,BG
data_udang\2. BG\BG-53-img-1.jpg,BG
data_udang\2. BG\BG-53-img-2.jpg,BG
data_udang\2. BG\BG-53-img-3.jpg,BG
data_udang\2. BG\BG-54-img-1.jpg,BG
data_udang\2. BG\BG-54-img-2.jpg,BG
data_udang\2. BG\BG-54-img-3.jpg,BG
data_udang\2. BG\BG-55-img-1.jpg,BG
data_udang\2. BG\BG-55-img-2.jpg,BG
data_udang\2. BG\BG-55-img-3.jpg,BG
data_udang\2. BG\BG-56-img-1.jpg,BG
data_udang\2. BG\BG-56-img-2.jpg,BG
data_udang\2. BG\BG-56-img-3.jpg,BG
data_udang\2. BG\BG-57-img-1.jpg,BG
data_udang\2. BG\BG-58-img-1.jpg,BG
data_udang\2. BG\BG-58-img-2.jpg,BG
data_udang\2. BG\BG-58-img-3.jpg,BG
data_udang\2. BG\BG-59-img-1.jpg,BG
data_udang\2. BG\BG-59-img-2.jpg,BG
data_udang\2. BG\BG-59-img-3.jpg,BG
data_udang\2. BG\BG-6-img-1.jpg,BG
data_udang\2. BG\BG-6-img-2.jpg,BG
data_udang\2. BG\BG-6-img-3.jpg,BG
data_udang\2. BG\BG-60-img-1.jpg,BG
data_udang\2. BG\BG-60-img-2.jpg,BG
data_udang\2. BG\BG-61-img-1.jpg,BG
data_udang\2. BG\BG-61-img-2.jpg,BG
data_udang\2. BG\BG-61-img-3.jpg,BG
data_udang\2. BG\BG-62-img-1.jpg,BG
data_udang\2. BG\BG-62-img-2.jpg,BG
data_udang\2. BG\BG-62-img-3.jpg,BG
data_udang\2. BG\BG-63-img-1.jpg,BG
data_udang\2. BG\BG-63-img-2.jpg,BG
data_udang\2. BG\BG-64-img-1.jpg,BG
data_udang\2. BG\BG-64-img-2.jpg,BG
data_udang\2. BG\BG-64-img-3.jpg,BG
data_udang\2. BG\BG-65-img-1.jpg,BG
data_udang\2. BG\BG-66-img-1.jpg,BG
data_udang\2. BG\BG-66-img-2.jpg,BG
data_udang\2. BG\BG-66-img-3.jpg,BG
data_udang\2. BG\BG-67-img-1.jpg,BG
data_udang\2. BG\BG-67-img-2.jpg,BG
data_udang\2. BG\BG-67-img-3.jpg,BG
data_udang\2. BG\BG-68-img-1.jpg,BG
data_udang\2. BG\BG-68-img-2.jpg,BG
data_udang\2. BG\BG-68-img-3.jpg,BG
data_udang\2. BG\BG-69-img-1.jpg,BG
data_udang\2. BG\BG-69-img-2.jpg,BG
data_udang\2. BG\BG-69-img-3.jpg,BG
data_udang\2. BG\BG-7-img-1.jpg,BG
data_udang\2. BG\BG-7-img-2.jpg,BG
data_udang\2. BG\BG-7-img-3.jpg,BG
data_udang\2. BG\BG-70-img-1.jpg,BG
data_udang\2. BG\BG-70-img-2.jpg,BG
data_udang\2. BG\BG-70-img-3.jpg,BG
data_udang\2. BG\BG-71-img-1.jpg,BG
data_udang\2. BG\BG-71-img-2.jpg,BG
data_udang\2. BG\BG-71-img-3.jpg,BG
data_udang\2. BG\BG-72-img-1.jpg,BG
data_udang\2. BG\BG-72-img-2.jpg,BG
data_udang\2. BG\BG-72-img-3.jpg,BG
data_udang\2. BG\BG-73-img-1.jpg,BG
data_udang\2. BG\BG-73-img-2.jpg,BG
data_udang\2. BG\BG-73-img-3.jpg,BG
data_udang\2. BG\BG-74-img-1.jpg,BG
data_udang\2. BG\BG-74-img-2.jpg,BG
data_udang\2. BG\BG-74-img-3.jpg,BG
data_udang\2. BG\BG-75-img-1.jpg,BG
data_udang\2. BG\BG-75-img-2.jpg,BG
data_udang\2. BG\BG-75-img-3.jpg,BG
data_udang\2. BG\BG-8-img-1.jpg,BG
data_udang\2. BG\BG-8-img-2.jpg,BG
data_udang\2. BG\BG-8-img-3.jpg,BG
data_udang\2. BG\BG-9-img-1.jpg,BG
data_udang\2. BG\BG-9-img-2.jpg,BG
data_udang\2. BG\BG-9-img-3.jpg,BG
data_udang\3. WSSV\WSSV-1-img-1.jpg,WSSV
data_udang\3. WSSV\WSSV-1-img-2.jpg,WSSV
data_udang\3. WSSV\WSSV-1-img-3.jpg,WSSV
data_udang\3. WSSV\WSSV-10-img-1.jpg,WSSV
data_udang\3. WSSV\WSSV-10-img-2.jpg,WSSV
data_udang\3. WSSV\WSSV-10-img-3.jpg,WSSV
data_udang\3. WSSV\WSSV-100-img-1.jpg,WSSV
data_udang\3. WSSV\WSSV-100-img-2.jpg,WSSV
data_udang\3. WSSV\WSSV-100-img-3.jpg,WSSV
data_udang\3. WSSV\WSSV-101-img-1.jpg,WSSV
data_udang\3. WSSV\WSSV-101-img-2.jpg,WSSV
data_udang\3. WSSV\WSSV-102-img-1.jpg,WSSV
data_udang\3. WSSV\WSSV-102-img-2.jpg,WSSV
data_udang\3. WSSV\WSSV-103-img-1.jpg,WSSV
data_udang\3. WSSV\WSSV-103-img-2.jpg,WSSV
data_udang\3. WSSV\WSSV-103-img-3.jpg,WSSV
data_udang\3. WSSV\WSSV-104-img-1.jpg,WSSV
data_udang\3. WSSV\WSSV-104-img-2.jpg,WSSV
data_udang\3. WSSV\WSSV-104-img-3.jpg,WSSV
data_udang\3. WSSV\WSSV-105-img-1.jpg,WSSV
data_udang\3. WSSV\WSSV-105-img-2.jpg,WSSV
data_udang\3. WSSV\WSSV-105-img-3.jpg,WSSV
data_udang\3. WSSV\WSSV-106-img-1.jpg,WSSV
data_udang\3. WSSV\WSSV-106-img-2.jpg,WSSV
data_udang\3. WSSV\WSSV-106-img-3.jpg,WSSV
data_udang\3. WSSV\WSSV-107-img-1.jpg,WSSV
data_udang\3. WSSV\WSSV-107-img-2.jpg,WSSV
data_udang\3. WSSV\WSSV-107-img-3.jpg,WSSV
data_udang\3. WSSV\WSSV-108-img-1.jpg,WSSV
data_udang\3. WSSV\WSSV-108-img-2.jpg,WSSV
data_udang\3. WSSV\WSSV-108-img-3.jpg,WSSV
data_udang\3. WSSV\WSSV-109-img-1.jpg,WSSV
data_udang\3. WSSV\WSSV-109-img-2.jpg,WSSV
data_udang\3. WSSV\WSSV-109-img-3.jpg,WSSV
data_udang\3. WSSV\WSSV-11-img-1.jpg,WSSV
data_udang\3. WSSV\WSSV-11-img-2.jpg,WSSV
data_udang\3. WSSV\WSSV-11-img-3.jpg,WSSV
data_udang\3. WSSV\WSSV-110-img-1.jpg,WSSV
data_udang\3. WSSV\WSSV-110-img-2.jpg,WSSV
data_udang\3. WSSV\WSSV-111-img-1.jpg,WSSV
data_udang\3. WSSV\WSSV-111-img-2.jpg,WSSV
data_udang\3. WSSV\WSSV-111-img-3.jpg,WSSV
data_udang\3. WSSV\WSSV-112-img-1.jpg,WSSV
data_udang\3. WSSV\WSSV-112-img-2.jpg,WSSV
data_udang\3. WSSV\WSSV-112-img-3.jpg,WSSV
data_udang\3. WSSV\WSSV-113-img-1.jpg,WSSV
data_udang\3. WSSV\WSSV-113-img-2.jpg,WSSV
data_udang\3. WSSV\WSSV-113-img-3.jpg,WSSV
data_udang\3. WSSV\WSSV-114-img-1.jpg,WSSV
data_udang\3. WSSV\WSSV-114-img-2.jpg,WSSV
data_udang\3. WSSV\WSSV-115-img-1.jpg,WSSV
data_udang\3. WSSV\WSSV-115-img-2.jpg,WSSV
data_udang\3. WSSV\WSSV-115-img-3.jpg,WSSV
data_udang\3. WSSV\WSSV-116-img-1.jpg,WSSV
data_udang\3. WSSV\WSSV-116-img-2.jpg,WSSV
data_udang\3. WSSV\WSSV-116-img-3.jpg,WSSV
data_udang\3. WSSV\WSSV-117-img-1.jpg,WSSV
data_udang\3. WSSV\WSSV-117-img-2.jpg,WSSV
data_udang\3. WSSV\WSSV-118-img-1.jpg,WSSV
data_udang\3. WSSV\WSSV-118-img-2.jpg,WSSV
data_udang\3. WSSV\WSSV-118-img-3.jpg,WSSV
data_udang\3. WSSV\WSSV-12-img-1.jpg,WSSV
data_udang\3. WSSV\WSSV-12-img-2.jpg,WSSV
data_udang\3. WSSV\WSSV-13-img-1.jpg,WSSV
data_udang\3. WSSV\WSSV-13-img-2.jpg,WSSV
data_udang\3. WSSV\WSSV-13-img-3.jpg,WSSV
data_udang\3. WSSV\WSSV-14-img-1.jpg,WSSV
data_udang\3. WSSV\WSSV-14-img-2.jpg,WSSV
data_udang\3. WSSV\WSSV-14-img-3.jpg,WSSV
data_udang\3. WSSV\WSSV-15-img-1.jpg,WSSV
data_udang\3. WSSV\WSSV-15-img-2.jpg,WSSV
data_udang\3. WSSV\WSSV-15-img-3.jpg,WSSV
data_udang\3. WSSV\WSSV-16-img-1.jpg,WSSV
data_udang\3. WSSV\WSSV-16-img-2.jpg,WSSV
data_udang\3. WSSV\WSSV-16-img-3.jpg,WSSV
data_udang\3. WSSV\WSSV-17-img-1.jpg,WSSV
data_udang\3. WSSV\WSSV-17-img-2.jpg,WSSV
data_udang\3. WSSV\WSSV-17-img-3.jpg,WSSV
data_udang\3. WSSV\WSSV-18-img-1.jpg,WSSV
data_udang\3. WSSV\WSSV-18-img-2.jpg,WSSV
data_udang\3. WSSV\WSSV-18-img-3.jpg,WSSV
data_udang\3. WSSV\WSSV-19-img-1.jpg,WSSV
data_udang\3. WSSV\WSSV-19-img-2.jpg,WSSV
data_udang\3. WSSV\WSSV-19-img-3.jpg,WSSV
data_udang\3. WSSV\WSSV-2-img-1.jpg,WSSV
data_udang\3. WSSV\WSSV-2-img-2.jpg,WSSV
data_udang\3. WSSV\WSSV-2-img-3.jpg,WSSV
data_udang\3. WSSV\WSSV-20-img-1.jpg,WSSV
data_udang\3. WSSV\WSSV-20-img-2.jpg,WSSV
data_udang\3. WSSV\WSSV-20-img-3.jpg,WSSV
data_udang\3. WSSV\WSSV-21-img-1.jpg,WSSV
data_udang\3. WSSV\WSSV-21-img-2.jpg,WSSV
data_udang\3. WSSV\WSSV-21-img-3.jpg,WSSV
data_udang\3. WSSV\WSSV-22-img-1.jpg,WSSV
data_udang\3. WSSV\WSSV-22-img-2.jpg,WSSV
data_udang\3. WSSV\WSSV-23-img-1.jpg,WSSV
data_udang\3. WSSV\WSSV-23-img-2.jpg,WSSV
data_udang\3. WSSV\WSSV-23-img-3.jpg,WSSV
data_udang\3. WSSV\WSSV-24-img-1.jpg,WSSV
data_udang\3. WSSV\WSSV-24-img-2.jpg,WSSV
data_udang\3. WSSV\WSSV-24-img-3.jpg,WSSV
data_udang\3. WSSV\WSSV-25-img-1.jpg,WSSV
data_udang\3. WSSV\WSSV-25-img-2.jpg,WSSV
data_udang\3. WSSV\WSSV-25-img-3.jpg,WSSV
data_udang\3. WSSV\WSSV-26-img-1.jpg,WSSV
data_udang\3. WSSV\WSSV-26-img-2.jpg,WSSV
data_udang\3. WSSV\WSSV-26-img-3.jpg,WSSV
data_udang\3. WSSV\WSSV-27-img-1.jpg,WSSV
data_udang\3. WSSV\WSSV-27-img-2.jpg,WSSV
data_udang\3. WSSV\WSSV-27-img-3.jpg,WSSV
data_udang\3. WSSV\WSSV-28-img-1.jpg,WSSV
data_udang\3. WSSV\WSSV-28-img-2.jpg,WSSV
data_udang\3. WSSV\WSSV-28-img-3.jpg,WSSV
data_udang\3. WSSV\WSSV-29-img-1.jpg,WSSV
data_udang\3. WSSV\WSSV-29-img-2.jpg,WSSV
data_udang\3. WSSV\WSSV-3-img-1.jpg,WSSV
data_udang\3. WSSV\WSSV-30-img-1.jpg,WSSV
data_udang\3. WSSV\WSSV-30-img-2.jpg,WSSV
data_udang\3. WSSV\WSSV-30-img-3.jpg,WSSV
data_udang\3. WSSV\WSSV-31-img-1.jpg,WSSV
data_udang\3. WSSV\WSSV-31-img-2.jpg,WSSV
data_udang\3. WSSV\WSSV-31-img-3.jpg,WSSV
data_udang\3. WSSV\WSSV-32-img-1.jpg,WSSV
data_udang\3. WSSV\WSSV-32-img-2.jpg,WSSV
data_udang\3. WSSV\WSSV-32-img-3.jpg,WSSV
data_udang\3. WSSV\WSSV-33-img-1.jpg,WSSV
data_udang\3. WSSV\WSSV-33-img-2.jpg,WSSV
data_udang\3. WSSV\WSSV-33-img-3.jpg,WSSV
data_udang\3. WSSV\WSSV-34-img-1.jpg,WSSV
data_udang\3. WSSV\WSSV-34-img-2.jpg,WSSV
data_udang\3. WSSV\WSSV-35-img-1.jpg,WSSV
data_udang\3. WSSV\WSSV-35-img-2.jpg,WSSV
data_udang\3. WSSV\WSSV-35-img-3.jpg,WSSV
data_udang\3. WSSV\WSSV-36-img-1.jpg,WSSV
data_udang\3. WSSV\WSSV-36-img-2.jpg,WSSV
data_udang\3. WSSV\WSSV-36-img-3.jpg,WSSV
data_udang\3. WSSV\WSSV-37-img-1.jpg,WSSV
data_udang\3. WSSV\WSSV-37-img-2.jpg,WSSV
data_udang\3. WSSV\WSSV-38-img-1.jpg,WSSV
data_udang\3. WSSV\WSSV-38-img-2.jpg,WSSV
data_udang\3. WSSV\WSSV-38-img-3.jpg,WSSV
data_udang\3. WSSV\WSSV-39-img-1.jpg,WSSV
data_udang\3. WSSV\WSSV-39-img-2.jpg,WSSV
data_udang\3. WSSV\WSSV-39-img-3.jpg,WSSV
data_udang\3. WSSV\WSSV-4-img-1.jpg,WSSV
data_udang\3. WSSV\WSSV-4-img-2.jpg,WSSV
data_udang\3. WSSV\WSSV-4-img-3.jpg,WSSV
data_udang\3. WSSV\WSSV-40-img-1.jpg,WSSV
data_udang\3. WSSV\WSSV-40-img-2.jpg,WSSV
data_udang\3. WSSV\WSSV-40-img-3.jpg,WSSV
data_udang\3. WSSV\WSSV-41-img-1.jpg,WSSV
data_udang\3. WSSV\WSSV-41-img-2.jpg,WSSV
data_udang\3. WSSV\WSSV-41-img-3.jpg,WSSV
data_udang\3. WSSV\WSSV-42-img-1.jpg,WSSV
data_udang\3. WSSV\WSSV-42-img-2.jpg,WSSV
data_udang\3. WSSV\WSSV-42-img-3.jpg,WSSV
data_udang\3. WSSV\WSSV-43-img-1.jpg,WSSV
data_udang\3. WSSV\WSSV-43-img-2.jpg,WSSV
data_udang\3. WSSV\WSSV-43-img-3.jpg,WSSV
data_udang\3. WSSV\WSSV-44-img-1.jpg,WSSV
data_udang\3. WSSV\WSSV-44-img-2.jpg,WSSV
data_udang\3. WSSV\WSSV-44-img-3.jpg,WSSV
data_udang\3. WSSV\WSSV-45-img-1.jpg,WSSV
data_udang\3. WSSV\WSSV-45-img-2.jpg,WSSV
data_udang\3. WSSV\WSSV-45-img-3.jpg,WSSV
data_udang\3. WSSV\WSSV-46-img-1.jpg,WSSV
data_udang\3. WSSV\WSSV-46-img-2.jpg,WSSV
data_udang\3. WSSV\WSSV-46-img-3.jpg,WSSV
data_udang\3. WSSV\WSSV-47-img-1.jpg,WSSV
data_udang\3. WSSV\WSSV-47-img-2.jpg,WSSV
data_udang\3. WSSV\WSSV-47-img-3.jpg,WSSV
data_udang\3. WSSV\WSSV-48-img-1.jpg,WSSV
data_udang\3. WSSV\WSSV-48-img-2.jpg,WSSV
data_udang\3. WSSV\WSSV-48-img-3.jpg,WSSV
data_udang\3. WSSV\WSSV-49-img-1.jpg,WSSV
data_udang\3. WSSV\WSSV-49-img-2.jpg,WSSV
data_udang\3. WSSV\WSSV-49-img-3.jpg,WSSV
data_udang\3. WSSV\WSSV-5-img-1.jpg,WSSV
data_udang\3. WSSV\WSSV-5-img-2.jpg,WSSV
data_udang\3. WSSV\WSSV-5-img-3.jpg,WSSV
data_udang\3. WSSV\WSSV-50-img-1.jpg,WSSV
data_udang\3. WSSV\WSSV-50-img-2.jpg,WSSV
data_udang\3. WSSV\WSSV-50-img-3.jpg,WSSV
data_udang\3. WSSV\WSSV-51-img-1.jpg,WSSV
data_udang\3. WSSV\WSSV-51-img-2.jpg,WSSV
data_udang\3. WSSV\WSSV-51-img-3.jpg,WSSV
data_udang\3. WSSV\WSSV-52-img-1.jpg,WSSV
data_udang\3. WSSV\WSSV-52-img-2.jpg,WSSV
data_udang\3. WSSV\WSSV-52-img-3.jpg,WSSV
data_udang\3. WSSV\WSSV-53-img-1.jpg,WSSV
data_udang\3. WSSV\WSSV-53-img-2.jpg,WSSV
data_udang\3. WSSV\WSSV-53-img-3.jpg,WSSV
data_udang\3. WSSV\WSSV-54-img-1.jpg,WSSV
data_udang\3. WSSV\WSSV-54-img-2.jpg,WSSV
data_udang\3. WSSV\WSSV-54-img-3.jpg,WSSV
data_udang\3. WSSV\WSSV-55-img-1.jpg,WSSV
data_udang\3. WSSV\WSSV-55-img-2.jpg,WSSV
data_udang\3. WSSV\WSSV-55-img-3.jpg,WSSV
data_udang\3. WSSV\WSSV-56-img-1.jpg,WSSV
data_udang\3. WSSV\WSSV-56-img-2.jpg,WSSV
data_udang\3. WSSV\WSSV-56-img-3.jpg,WSSV
data_udang\3. WSSV\WSSV-57-img-1.jpg,WSSV
data_udang\3. WSSV\WSSV-57-img-2.jpg,WSSV
data_udang\3. WSSV\WSSV-58-img-1.jpg,WSSV
data_udang\3. WSSV\WSSV-58-img-2.jpg,WSSV
data_udang\3. WSSV\WSSV-58-img-3.jpg,WSSV
data_udang\3. WSSV\WSSV-59-img-1.jpg,WSSV
data_udang\3. WSSV\WSSV-59-img-2.jpg,WSSV
data_udang\3. WSSV\WSSV-6-img-1.jpg,WSSV
data_udang\3. WSSV\WSSV-6-img-2.jpg,WSSV
data_udang\3. WSSV\WSSV-6-img-3.jpg,WSSV
data_udang\3. WSSV\WSSV-60-img-1.jpg,WSSV
data_udang\3. WSSV\WSSV-60-img-2.jpg,WSSV
data_udang\3. WSSV\WSSV-60-img-3.jpg,WSSV
data_udang\3. WSSV\WSSV-61-img-1.jpg,WSSV
data_udang\3. WSSV\WSSV-61-img-2.jpg,WSSV
data_udang\3. WSSV\WSSV-61-img-3.jpg,WSSV
data_udang\3. WSSV\WSSV-62-img-1.jpg,WSSV
data_udang\3. WSSV\WSSV-62-img-2.jpg,WSSV
data_udang\3. WSSV\WSSV-63-img-1.jpg,WSSV
data_udang\3. WSSV\WSSV-63-img-2.jpg,WSSV
data_udang\3. WSSV\WSSV-63-img-3.jpg,WSSV
data_udang\3. WSSV\WSSV-64-img-1.jpg,WSSV
data_udang\3. WSSV\WSSV-64-img-2.jpg,WSSV
data_udang\3. WSSV\WSSV-64-img-3.jpg,WSSV
data_udang\3. WSSV\WSSV-65-img-1.jpg,WSSV
data_udang\3. WSSV\WSSV-65-img-2.jpg,WSSV
data_udang\3. WSSV\WSSV-65-img-3.jpg,WSSV
data_udang\3. WSSV\WSSV-66-img-1.jpg,WSSV
data_udang\3. WSSV\WSSV-66-img-2.jpg,WSSV
data_udang\3. WSSV\WSSV-66-img-3.jpg,WSSV
data_udang\3. WSSV\WSSV-67-img-1.jpg,WSSV
data_udang\3. WSSV\WSSV-67-img-2.jpg,WSSV
data_udang\3. WSSV\WSSV-67-img-3.jpg,WSSV
data_udang\3. WSSV\WSSV-68-img-1.jpg,WSSV
data_udang\3. WSSV\WSSV-68-img-2.jpg,WSSV
data_udang\3. WSSV\WSSV-68-img-3.jpg,WSSV
data_udang\3. WSSV\WSSV-69-img-1.jpg,WSSV
data_udang\3. WSSV\WSSV-69-img-2.jpg,WSSV
data_udang\3. WSSV\WSSV-69-img-3.jpg,WSSV
data_udang\3. WSSV\WSSV-7-img-1.jpg,WSSV
data_udang\3. WSSV\WSSV-7-img-2.jpg,WSSV
data_udang\3. WSSV\WSSV-7-img-3.jpg,WSSV
data_udang\3. WSSV\WSSV-70-img-1.jpg,WSSV
data_udang\3. WSSV\WSSV-70-img-2.jpg,WSSV
data_udang\3. WSSV\WSSV-70-img-3.jpg,WSSV
data_udang\3. WSSV\WSSV-71-img-1.jpg,WSSV
data_udang\3. WSSV\WSSV-71-img-2.jpg,WSSV
data_udang\3. WSSV\WSSV-71-img-3.jpg,WSSV
data_udang\3. WSSV\WSSV-72-img-1.jpg,WSSV
data_udang\3. WSSV\WSSV-72-img-2.jpg,WSSV
data_udang\3. WSSV\WSSV-72-img-3.jpg,WSSV
data_udang\3. WSSV\WSSV-73-img-1.jpg,WSSV
data_udang\3. WSSV\WSSV-73-img-2.jpg,WSSV
data_udang\3. WSSV\WSSV-73-img-3.jpg,WSSV
data_udang\3. WSSV\WSSV-74-img-1.jpg,WSSV
data_udang\3. WSSV\WSSV-74-img-2.jpg,WSSV
data_udang\3. WSSV\WSSV-74-img-3.jpg,WSSV
data_udang\3. WSSV\WSSV-75-img-1.jpg,WSSV
data_udang\3. WSSV\WSSV-75-img-2.jpg,WSSV
data_udang\3. WSSV\WSSV-76-img-1.jpg,WSSV
data_udang\3. WSSV\WSSV-76-img-2.jpg,WSSV
data_udang\3. WSSV\WSSV-76-img-3.jpg,WSSV
data_udang\3. WSSV\WSSV-77-img-1.jpg,WSSV
data_udang\3. WSSV\WSSV-77-img-2.jpg,WSSV
data_udang\3. WSSV\WSSV-77-img-3.jpg,WSSV
data_udang\3. WSSV\WSSV-78-img-1.jpg,WSSV
data_udang\3. WSSV\WSSV-78-img-2.jpg,WSSV
data_udang\3. WSSV\WSSV-79-img-1.jpg,WSSV
data_udang\3. WSSV\WSSV-79-img-2.jpg,WSSV
data_udang\3. WSSV\WSSV-79-img-3.jpg,WSSV
data_udang\3. WSSV\WSSV-8-img-1.jpg,WSSV
data_udang\3. WSSV\WSSV-8-img-2.jpg,WSSV
data_udang\3. WSSV\WSSV-8-img-3.jpg,WSSV
data_udang\3. WSSV\WSSV-80-img-1.jpg,WSSV
data_udang\3. WSSV\WSSV-80-img-2.jpg,WSSV
data_udang\3. WSSV\WSSV-80-img-3.jpg,WSSV
data_udang\3. WSSV\WSSV-81-img-1.jpg,WSSV
data_udang\3. WSSV\WSSV-81-img-2.jpg,WSSV
data_udang\3. WSSV\WSSV-82-img-1.jpg,WSSV
data_udang\3. WSSV\WSSV-82-img-2.jpg,WSSV
data_udang\3. WSSV\WSSV-83-img-1.jpg,WSSV
data_udang\3. WSSV\WSSV-84-img-1.jpg,WSSV
data_udang\3. WSSV\WSSV-84-img-2.jpg,WSSV
data_udang\3. WSSV\WSSV-84-img-3.jpg,WSSV
data_udang\3. WSSV\WSSV-85-img-1.jpg,WSSV
data_udang\3. WSSV\WSSV-85-img-2.jpg,WSSV
data_udang\3. WSSV\WSSV-86-img-1.jpg,WSSV
data_udang\3. WSSV\WSSV-86-img-2.jpg,WSSV
data_udang\3. WSSV\WSSV-86-img-3.jpg,WSSV
data_udang\3. WSSV\WSSV-87-img-1.jpg,WSSV
data_udang\3. WSSV\WSSV-87-img-2.jpg,WSSV
data_udang\3. WSSV\WSSV-88-img-1.jpg,WSSV
data_udang\3. WSSV\WSSV-88-img-2.jpg,WSSV
data_udang\3. WSSV\WSSV-89-img-1.jpg,WSSV
data_udang\3. WSSV\WSSV-89-img-2.jpg,WSSV
data_udang\3. WSSV\WSSV-9-img-1.jpg,WSSV
data_udang\3. WSSV\WSSV-9-img-2.jpg,WSSV
data_udang\3. WSSV\WSSV-9-img-3.jpg,WSSV
data_udang\3. WSSV\WSSV-90-img-1.jpg,WSSV
data_udang\3. WSSV\WSSV-90-img-2.jpg,WSSV
data_udang\3. WSSV\WSSV-91-img-1.jpg,WSSV
data_udang\3. WSSV\WSSV-91-img-2.jpg,WSSV
data_udang\3. WSSV\WSSV-91-img-3.jpg,WSSV
data_udang\3. WSSV\WSSV-92-img-1.jpg,WSSV
data_udang\3. WSSV\WSSV-92-img-2.jpg,WSSV
data_udang\3. WSSV\WSSV-92-img-3.jpg,WSSV
data_udang\3. WSSV\WSSV-93-img-1.jpg,WSSV
data_udang\3. WSSV\WSSV-93-img-2.jpg,WSSV
data_udang\3. WSSV\WSSV-93-img-3.jpg,WSSV
data_udang\3. WSSV\WSSV-94-img-1.jpg,WSSV
data_udang\3. WSSV\WSSV-94-img-2.jpg,WSSV
data_udang\3. WSSV\WSSV-94-img-3.jpg,WSSV
data_udang\3. WSSV\WSSV-95-img-1.jpg,WSSV
data_udang\3. WSSV\WSSV-95-img-2.jpg,WSSV
data_udang\3. WSSV\WSSV-95-img-3.jpg,WSSV
data_udang\3. WSSV\WSSV-96-img-1.jpg,WSSV
data_udang\3. WSSV\WSSV-96-img-2.jpg,WSSV
data_udang\3. WSSV\WSSV-96-img-3.jpg,WSSV
data_udang\3. WSSV\WSSV-97-img-1.jpg,WSSV
data_udang\3. WSSV\WSSV-97-img-2.jpg,WSSV
data_udang\3. WSSV\WSSV-97-img-3.jpg,WSSV
data_udang\3. WSSV\WSSV-98-img-1.jpg,WSSV
data_udang\3. WSSV\WSSV-98-img-2.jpg,WSSV
data_udang\3. WSSV\WSSV-98-img-3.jpg,WSSV
data_udang\3. WSSV\WSSV-99-img-1.jpg,WSSV
data_udang\3. WSSV\WSSV-99-img-2.jpg,WSSV
data_udang\3. WSSV\WSSV-99-img-3.jpg,WSSV
data_udang\4. WSSV_BG\WSSV_BG-1-img-1.jpg,WSSV_BG
data_udang\4. WSSV_BG\WSSV_BG-1-img-2.jpg,WSSV_BG
data_udang\4. WSSV_BG\WSSV_BG-1-img-3.jpg,WSSV_BG
data_udang\4. WSSV_BG\WSSV_BG-10-img-1.jpg,WSSV_BG
data_udang\4. WSSV_BG\WSSV_BG-10-img-2.jpg,WSSV_BG
data_udang\4. WSSV_BG\WSSV_BG-10-img-3.jpg,WSSV_BG
data_udang\4. WSSV_BG\WSSV_BG-11-img-1.jpg,WSSV_BG
data_udang\4. WSSV_BG\WSSV_BG-11-img-2.jpg,WSSV_BG
data_udang\4. WSSV_BG\WSSV_BG-11-img-3.jpg,WSSV_BG
data_udang\4. WSSV_BG\WSSV_BG-12-img-1.jpg,WSSV_BG
data_udang\4. WSSV_BG\WSSV_BG-12-img-2.jpg,WSSV_BG
data_udang\4. WSSV_BG\WSSV_BG-12-img-3.jpg,WSSV_BG
data_udang\4. WSSV_BG\WSSV_BG-13-img-1.jpg,WSSV_BG
data_udang\4. WSSV_BG\WSSV_BG-13-img-2.jpg,WSSV_BG
data_udang\4. WSSV_BG\WSSV_BG-13-img-3.jpg,WSSV_BG
data_udang\4. WSSV_BG\WSSV_BG-14-img-1.jpg,WSSV_BG
data_udang\4. WSSV_BG\WSSV_BG-14-img-2.jpg,WSSV_BG
data_udang\4. WSSV_BG\WSSV_BG-14-img-3.jpg,WSSV_BG
data_udang\4. WSSV_BG\WSSV_BG-15-img-1.jpg,WSSV_BG
data_udang\4. WSSV_BG\WSSV_BG-15-img-2.jpg,WSSV_BG
data_udang\4. WSSV_BG\WSSV_BG-16-img-1.jpg,WSSV_BG
data_udang\4. WSSV_BG\WSSV_BG-16-img-2.jpg,WSSV_BG
data_udang\4. WSSV_BG\WSSV_BG-16-img-3.jpg,WSSV_BG
data_udang\4. WSSV_BG\WSSV_BG-17-img-1.jpg,WSSV_BG
data_udang\4. WSSV_BG\WSSV_BG-17-img-2.jpg,WSSV_BG
data_udang\4. WSSV_BG\WSSV_BG-17-img-3.jpg,WSSV_BG
data_udang\4. WSSV_BG\WSSV_BG-18-img-1.jpg,WSSV_BG
data_udang\4. WSSV_BG\WSSV_BG-18-img-2.jpg,WSSV_BG
data_udang\4. WSSV_BG\WSSV_BG-18-img-3.jpg,WSSV_BG
data_udang\4. WSSV_BG\WSSV_BG-19-img-1.jpg,WSSV_BG
data_udang\4. WSSV_BG\WSSV_BG-19-img-2.jpg,WSSV_BG
data_udang\4. WSSV_BG\WSSV_BG-19-img-3.jpg,WSSV_BG
data_udang\4. WSSV_BG\WSSV_BG-2-img-1.jpg,WSSV_BG
data_udang\4. WSSV_BG\WSSV_BG-2-img-2.jpg,WSSV_BG
data_udang\4. WSSV_BG\WSSV_BG-2-img-3.jpg,WSSV_BG
data_udang\4. WSSV_BG\WSSV_BG-20-img-1.jpg,WSSV_BG
data_udang\4. WSSV_BG\WSSV_BG-20-img-2.jpg,WSSV_BG
data_udang\4. WSSV_BG\WSSV_BG-20-img-3.jpg,WSSV_BG
data_udang\4. WSSV_BG\WSSV_BG-21-img-1.jpg,WSSV_BG
data_udang\4. WSSV_BG\WSSV_BG-21-img-2.jpg,WSSV_BG
data_udang\4. WSSV_BG\WSSV_BG-22-img-1.jpg,WSSV_BG
data_udang\4. WSSV_BG\WSSV_BG-22-img-2.jpg,WSSV_BG
data_udang\4. WSSV_BG\WSSV_BG-22-img-3.jpg,WSSV_BG
data_udang\4. WSSV_BG\WSSV_BG-23-img-1.jpg,WSSV_BG
data_udang\4. WSSV_BG\WSSV_BG-24-img-1.jpg,WSSV_BG
data_udang\4. WSSV_BG\WSSV_BG-24-img-2.jpg,WSSV_BG
data_udang\4. WSSV_BG\WSSV_BG-24-img-3.jpg,WSSV_BG
data_udang\4. WSSV_BG\WSSV_BG-25-img-1.jpg,WSSV_BG
data_udang\4. WSSV_BG\WSSV_BG-25-img-2.jpg,WSSV_BG
data_udang\4. WSSV_BG\WSSV_BG-25-img-3.jpg,WSSV_BG
data_udang\4. WSSV_BG\WSSV_BG-26-img-1.jpg,WSSV_BG
data_udang\4. WSSV_BG\WSSV_BG-26-img-2.jpg,WSSV_BG
data_udang\4. WSSV_BG\WSSV_BG-26-img-3.jpg,WSSV_BG
data_udang\4. WSSV_BG\WSSV_BG-27-img-1.jpg,WSSV_BG
data_udang\4. WSSV_BG\WSSV_BG-27-img-2.jpg,WSSV_BG
data_udang\4. WSSV_BG\WSSV_BG-28-img-1.jpg,WSSV_BG
data_udang\4. WSSV_BG\WSSV_BG-28-img-2.jpg,WSSV_BG
data_udang\4. WSSV_BG\WSSV_BG-28-img-3.jpg,WSSV_BG
data_udang\4. WSSV_BG\WSSV_BG-29-img-1.jpg,WSSV_BG
data_udang\4. WSSV_BG\WSSV_BG-29-img-2.jpg,WSSV_BG
data_udang\4. WSSV_BG\WSSV_BG-29-img-3.jpg,WSSV_BG
data_udang\4. WSSV_BG\WSSV_BG-3-img-1.jpg,WSSV_BG
data_udang\4. WSSV_BG\WSSV_BG-3-img-2.jpg,WSSV_BG
data_udang\4. WSSV_BG\WSSV_BG-3-img-3.jpg,WSSV_BG
data_udang\4. WSSV_BG\WSSV_BG-30-img-1.jpg,WSSV_BG
data_udang\4. WSSV_BG\WSSV_BG-30-img-2.jpg,WSSV_BG
data_udang\4. WSSV_BG\WSSV_BG-31-img-1.jpg,WSSV_BG
data_udang\4. WSSV_BG\WSSV_BG-31-img-2.jpg,WSSV_BG
data_udang\4. WSSV_BG\WSSV_BG-31-img-3.jpg,WSSV_BG
data_udang\4. WSSV_BG\WSSV_BG-32-img-1.jpg,WSSV_BG
data_udang\4. WSSV_BG\WSSV_BG-32-img-2.jpg,WSSV_BG
data_udang\4. WSSV_BG\WSSV_BG-32-img-3.jpg,WSSV_BG
data_udang\4. WSSV_BG\WSSV_BG-33-img-1.jpg,WSSV_BG
data_udang\4. WSSV_BG\WSSV_BG-33-img-2.jpg,WSSV_BG
data_udang\4. WSSV_BG\WSSV_BG-33-img-3.jpg,WSSV_BG
data_udang\4. WSSV_BG\WSSV_BG-34-img-1.jpg,WSSV_BG
data_udang\4. WSSV_BG\WSSV_BG-34-img-2.jpg,WSSV_BG
data_udang\4. WSSV_BG\WSSV_BG-34-img-3.jpg,WSSV_BG
data_udang\4. WSSV_BG\WSSV_BG-35-img-1.jpg,WSSV_BG
data_udang\4. WSSV_BG\WSSV_BG-35-img-2.jpg,WSSV_BG
data_udang\4. WSSV_BG\WSSV_BG-36-img-1.jpg,WSSV_BG
data_udang\4. WSSV_BG\WSSV_BG-36-img-2.jpg,WSSV_BG
data_udang\4. WSSV_BG\WSSV_BG-36-img-3.jpg,WSSV_BG
data_udang\4. WSSV_BG\WSSV_BG-37-img-1.jpg,WSSV_BG
data_udang\4. WSSV_BG\WSSV_BG-37-img-2.jpg,WSSV_BG
data_udang\4. WSSV_BG\WSSV_BG-37-img-3.jpg,WSSV_BG
data_udang\4. WSSV_BG\WSSV_BG-38-img-1.jpg,WSSV_BG
data_udang\4. WSSV_BG\WSSV_BG-38-img-2.jpg,WSSV_BG
data_udang\4. WSSV_BG\WSSV_BG-38-img-3.jpg,WSSV_BG
data_udang\4. WSSV_BG\WSSV_BG-39-img-1.jpg,WSSV_BG
data_udang\4. WSSV_BG\WSSV_BG-39-img-2.jpg,WSSV_BG
data_udang\4. WSSV_BG\WSSV_BG-4-img-1.jpg,WSSV_BG
data_udang\4. WSSV_BG\WSSV_BG-4-img-2.jpg,WSSV_BG
data_udang\4. WSSV_BG\WSSV_BG-4-img-3.jpg,WSSV_BG
data_udang\4. WSSV_BG\WSSV_BG-40-img-1.jpg,WSSV_BG
data_udang\4. WSSV_BG\WSSV_BG-40-img-2.jpg,WSSV_BG
data_udang\4. WSSV_BG\WSSV_BG-40-img-3.jpg,WSSV_BG
data_udang\4. WSSV_BG\WSSV_BG-41-img-1.jpg,WSSV_BG
data_udang\4. WSSV_BG\WSSV_BG-41-img-2.jpg,WSSV_BG
data_udang\4. WSSV_BG\WSSV_BG-41-img-3.jpg,WSSV_BG
data_udang\4. WSSV_BG\WSSV_BG-42-img-1.jpg,WSSV_BG
data_udang\4. WSSV_BG\WSSV_BG-42-img-2.jpg,WSSV_BG
data_udang\4. WSSV_BG\WSSV_BG-42-img-3.jpg,WSSV_BG
data_udang\4. WSSV_BG\WSSV_BG-43-img-1.jpg,WSSV_BG
data_udang\4. WSSV_BG\WSSV_BG-43-img-2.jpg,WSSV_BG
data_udang\4. WSSV_BG\WSSV_BG-44-img-1.jpg,WSSV_BG
data_udang\4. WSSV_BG\WSSV_BG-44-img-2.jpg,WSSV_BG
data_udang\4. WSSV_BG\WSSV_BG-45-img-1.jpg,WSSV_BG
data_udang\4. WSSV_BG\WSSV_BG-45-img-2.jpg,WSSV_BG
data_udang\4. WSSV_BG\WSSV_BG-46-img-1.jpg,WSSV_BG
data_udang\4. WSSV_BG\WSSV_BG-46-img-2.jpg,WSSV_BG
data_udang\4. WSSV_BG\WSSV_BG-46-img-3.jpg,WSSV_BG
data_udang\4. WSSV_BG\WSSV_BG-47-img-1.jpg,WSSV_BG
data_udang\4. WSSV_BG\WSSV_BG-47-img-2.jpg,WSSV_BG
data_udang\4. WSSV_BG\WSSV_BG-47-img-3.jpg,WSSV_BG
data_udang\4. WSSV_BG\WSSV_BG-48-img-1.jpg,WSSV_BG
data_udang\4. WSSV_BG\WSSV_BG-48-img-2.jpg,WSSV_BG
data_udang\4. WSSV_BG\WSSV_BG-48-img-3.jpg,WSSV_BG
data_udang\4. WSSV_BG\WSSV_BG-49-img-1.jpg,WSSV_BG
data_udang\4. WSSV_BG\WSSV_BG-49-img-2.jpg,WSSV_BG
data_udang\4. WSSV_BG\WSSV_BG-49-img-3.jpg,WSSV_BG
data_udang\4. WSSV_BG\WSSV_BG-5-img-1.jpg,WSSV_BG
data_udang\4. WSSV_BG\WSSV_BG-5-img-2.jpg,WSSV_BG
data_udang\4. WSSV_BG\WSSV_BG-5-img-3.jpg,WSSV_BG
data_udang\4. WSSV_BG\WSSV_BG-50-img-1.jpg,WSSV_BG
data_udang\4. WSSV_BG\WSSV_BG-50-img-2.jpg,WSSV_BG
data_udang\4. WSSV_BG\WSSV_BG-50-img-3.jpg,WSSV_BG
data_udang\4. WSSV_BG\WSSV_BG-51-img-1.jpg,WSSV_BG
data_udang\4. WSSV_BG\WSSV_BG-51-img-2.jpg,WSSV_BG
data_udang\4. WSSV_BG\WSSV_BG-51-img-3.jpg,WSSV_BG
data_udang\4. WSSV_BG\WSSV_BG-52-img-1.jpg,WSSV_BG
data_udang\4. WSSV_BG\WSSV_BG-52-img-2.jpg,WSSV_BG
data_udang\4. WSSV_BG\WSSV_BG-52-img-3.jpg,WSSV_BG
data_udang\4. WSSV_BG\WSSV_BG-53-img-1.jpg,WSSV_BG
data_udang\4. WSSV_BG\WSSV_BG-54-img-1.jpg,WSSV_BG
data_udang\4. WSSV_BG\WSSV_BG-54-img-2.jpg,WSSV_BG
data_udang\4. WSSV_BG\WSSV_BG-55-img-1.jpg,WSSV_BG
data_udang\4. WSSV_BG\WSSV_BG-56-img-1.jpg,WSSV_BG
data_udang\4. WSSV_BG\WSSV_BG-56-img-2.jpg,WSSV_BG
data_udang\4. WSSV_BG\WSSV_BG-56-img-3.jpg,WSSV_BG
data_udang\4. WSSV_BG\WSSV_BG-57-img-1.jpg,WSSV_BG
data_udang\4. WSSV_BG\WSSV_BG-57-img-2.jpg,WSSV_BG
data_udang\4. WSSV_BG\WSSV_BG-57-img-3.jpg,WSSV_BG
data_udang\4. WSSV_BG\WSSV_BG-58-img-1.jpg,WSSV_BG
data_udang\4. WSSV_BG\WSSV_BG-58-img-2.jpg,WSSV_BG
data_udang\4. WSSV_BG\WSSV_BG-58-img-3.jpg,WSSV_BG
data_udang\4. WSSV_BG\WSSV_BG-59-img-1.jpg,WSSV_BG
data_udang\4. WSSV_BG\WSSV_BG-59-img-2.jpg,WSSV_BG
data_udang\4. WSSV_BG\WSSV_BG-6-img-1.jpg,WSSV_BG
data_udang\4. WSSV_BG\WSSV_BG-6-img-2.jpg,WSSV_BG
data_udang\4. WSSV_BG\WSSV_BG-6-img-3.jpg,WSSV_BG
data_udang\4. WSSV_BG\WSSV_BG-60-img-1.jpg,WSSV_BG
data_udang\4. WSSV_BG\WSSV_BG-61-img-1.jpg,WSSV_BG
data_udang\4. WSSV_BG\WSSV_BG-61-img-2.jpg,WSSV_BG
data_udang\4. WSSV_BG\WSSV_BG-61-img-3.jpg,WSSV_BG
data_udang\4. WSSV_BG\WSSV_BG-62-img-1.jpg,WSSV_BG
data_udang\4. WSSV_BG\WSSV_BG-62-img-2.jpg,WSSV_BG
data_udang\4. WSSV_BG\WSSV_BG-62-img-3.jpg,WSSV_BG
data_udang\4. WSSV_BG\WSSV_BG-63-img-1.jpg,WSSV_BG
data_udang\4. WSSV_BG\WSSV_BG-63-img-2.jpg,WSSV_BG
data_udang\4. WSSV_BG\WSSV_BG-63-img-3.jpg,WSSV_BG
data_udang\4. WSSV_BG\WSSV_BG-64-img-1.jpg,WSSV_BG
data_udang\4. WSSV_BG\WSSV_BG-64-img-2.jpg,WSSV_BG
data_udang\4. WSSV_BG\WSSV_BG-64-img-3.jpg,WSSV_BG
data_udang\4. WSSV_BG\WSSV_BG-65-img-1.jpg,WSSV_BG
data_udang\4. WSSV_BG\WSSV_BG-65-img-2.jpg,WSSV_BG
data_udang\4. WSSV_BG\WSSV_BG-65-img-3.jpg,WSSV_BG
data_udang\4. WSSV_BG\WSSV_BG-66-img-1.jpg,WSSV_BG
data_udang\4. WSSV_BG\WSSV_BG-66-img-2.jpg,WSSV_BG
data_udang\4. WSSV_BG\WSSV_BG-66-img-3.jpg,WSSV_BG
data_udang\4. WSSV_BG\WSSV_BG-67-img-1.jpg,WSSV_BG
data_udang\4. WSSV_BG\WSSV_BG-67-img-2.jpg,WSSV_BG
data_udang\4. WSSV_BG\WSSV_BG-67-img-3.jpg,WSSV_BG
data_udang\4. WSSV_BG\WSSV_BG-68-img-1.jpg,WSSV_BG
data_udang\4. WSSV_BG\WSSV_BG-68-img-2.jpg,WSSV_BG
data_udang\4. WSSV_BG\WSSV_BG-68-img-3.jpg,WSSV_BG
data_udang\4. WSSV_BG\WSSV_BG-69-img-1.jpg,WSSV_BG
data_udang\4. WSSV_BG\WSSV_BG-69-img-2.jpg,WSSV_BG
data_udang\4. WSSV_BG\WSSV_BG-69-img-3.jpg,WSSV_BG
data_udang\4. WSSV_BG\WSSV_BG-7-img-1.jpg,WSSV_BG
data_udang\4. WSSV_BG\WSSV_BG-7-img-2.jpg,WSSV_BG
data_udang\4. WSSV_BG\WSSV_BG-7-img-3.jpg,WSSV_BG
data_udang\4. WSSV_BG\WSSV_BG-70-img-1.jpg,WSSV_BG
data_udang\4. WSSV_BG\WSSV_BG-70-img-2.jpg,WSSV_BG
data_udang\4. WSSV_BG\WSSV_BG-70-img-3.jpg,WSSV_BG
data_udang\4. WSSV_BG\WSSV_BG-71-img-1.jpg,WSSV_BG
data_udang\4. WSSV_BG\WSSV_BG-71-img-2.jpg,WSSV_BG
data_udang\4. WSSV_BG\WSSV_BG-71-img-3.jpg,WSSV_BG
data_udang\4. WSSV_BG\WSSV_BG-72-img-1.jpg,WSSV_BG
data_udang\4. WSSV_BG\WSSV_BG-72-img-2.jpg,WSSV_BG
data_udang\4. WSSV_BG\WSSV_BG-72-img-3.jpg,WSSV_BG
data_udang\4. WSSV_BG\WSSV_BG-73-img-1.jpg,WSSV_BG
data_udang\4. WSSV_BG\WSSV_BG-74-img-1.jpg,WSSV_BG
data_udang\4. WSSV_BG\WSSV_BG-74-img-2.jpg,WSSV_BG
data_udang\4. WSSV_BG\WSSV_BG-74-img-3.jpg,WSSV_BG
data_udang\4. WSSV_BG\WSSV_BG-75-img-1.jpg,WSSV_BG
data_udang\4. WSSV_BG\WSSV_BG-75-img-2.jpg,WSSV_BG
data_udang\4. WSSV_BG\WSSV_BG-76-img-1.jpg,WSSV_BG
data_udang\4. WSSV_BG\WSSV_BG-76-img-2.jpg,WSSV_BG
data_udang\4. WSSV_BG\WSSV_BG-76-img-3.jpg,WSSV_BG
data_udang\4. WSSV_BG\WSSV_BG-77-img-1.jpg,WSSV_BG
data_udang\4. WSSV_BG\WSSV_BG-77-img-2.jpg,WSSV_BG
data_udang\4. WSSV_BG\WSSV_BG-77-img-3.jpg,WSSV_BG
data_udang\4. WSSV_BG\WSSV_BG-78-img-1.jpg,WSSV_BG
data_udang\4. WSSV_BG\WSSV_BG-78-img-2.jpg,WSSV_BG
data_udang\4. WSSV_BG\WSSV_BG-78-img-3.jpg,WSSV_BG
data_udang\4. WSSV_BG\WSSV_BG-79-img-1.jpg,WSSV_BG
data_udang\4. WSSV_BG\WSSV_BG-79-img-2.jpg,WSSV_BG
data_udang\4. WSSV_BG\WSSV_BG-79-img-3.jpg,WSSV_BG
data_udang\4. WSSV_BG\WSSV_BG-8-img-1.jpg,WSSV_BG
data_udang\4. WSSV_BG\WSSV_BG-8-img-2.jpg,WSSV_BG
data_udang\4. WSSV_BG\WSSV_BG-8-img-3.jpg,WSSV_BG
data_udang\4. WSSV_BG\WSSV_BG-80-img-1.jpg,WSSV_BG
data_udang\4. WSSV_BG\WSSV_BG-80-img-2.jpg,WSSV_BG
data_udang\4. WSSV_BG\WSSV_BG-80-img-3.jpg,WSSV_BG
data_udang\4. WSSV_BG\WSSV_BG-81-img-1.jpg,WSSV_BG
data_udang\4. WSSV_BG\WSSV_BG-81-img-2.jpg,WSSV_BG
data_udang\4. WSSV_BG\WSSV_BG-9-img-1.jpg,WSSV_BG
data_udang\4. WSSV_BG\WSSV_BG-9-img-2.jpg,WSSV_BG
data_udang\4. WSSV_BG\WSSV_BG-9-img-3.jpg,WSSV_BG
